{
    "m_header": {
        "m_packetFormat": 2020,
        "m_gameMajorVersion": 1,
        "m_gameMinorVersion": 19,
        "m_packetVersion": 1,
        "m_packetId": 0,
        "m_sessionUID": "10203360592020108122",
        "m_sessionTime": 66.1694107055664,
        "m_frameIdentifier": 1293,
        "m_playerCarIndex": 0,
        "m_secondaryPlayerCarIndex": 255
    },
    "m_carMotionData": [
        {
            "m_worldPositionX": 6.988574028015137,
            "m_worldPositionY": 97.4192123413086,
            "m_worldPositionZ": -134.35574340820312,
            "m_worldVelocityX": -28.832191467285156,
            "m_worldVelocityY": -3.2042012214660645,
            "m_worldVelocityZ": 48.26068878173828,
            "m_worldForwardDirX": 49086,
            "m_worldForwardDirY": 63698,
            "m_worldForwardDirZ": 28278,
            "m_worldRightDirX": 37210,
            "m_worldRightDirY": 120,
            "m_worldRightDirZ": 49066,
            "m_gForceLateral": 1.5157687664031982,
            "m_gForceLongitudinal": 1.1587917804718018,
            "m_gForceVertical": -0.07465401291847229,
            "m_yaw": -0.5261480212211609,
            "m_pitch": -0.025035561993718147,
            "m_roll": -0.003670519683510065
        },
        {
            "m_worldPositionX": -13.275769233703613,
            "m_worldPositionY": 95.49078369140625,
            "m_worldPositionZ": -106.67552947998047,
            "m_worldVelocityX": -38.610626220703125,
            "m_worldVelocityY": -3.7677712440490723,
            "m_worldVelocityZ": 61.19222640991211,
            "m_worldForwardDirX": 48102,
            "m_worldForwardDirY": 63957,
            "m_worldForwardDirZ": 27698,
            "m_worldRightDirX": 37812,
            "m_worldRightDirY": 65309,
            "m_worldRightDirZ": 48073,
            "m_gForceLateral": 0,
            "m_gForceLongitudinal": 0,
            "m_gForceVertical": 0,
            "m_yaw": -0.5613592863082886,
            "m_pitch": -0.03156201168894768,
            "m_roll": 0.006932777818292379
        },
        {
            "m_worldPositionX": -382.0426025390625,
            "m_worldPositionY": 91.24794006347656,
            "m_worldPositionZ": -90.08889770507812,
            "m_worldVelocityX": 0,
            "m_worldVelocityY": 0,
            "m_worldVelocityZ": 0,
            "m_worldForwardDirX": 1372,
            "m_worldForwardDirY": 65533,
            "m_worldForwardDirZ": 32798,
            "m_worldRightDirX": 32734,
            "m_worldRightDirY": 505,
            "m_worldRightDirZ": 1371,
            "m_gForceLateral": 0,
            "m_gForceLongitudinal": 0,
            "m_gForceVertical": 0,
            "m_yaw": 3.099698066711426,
            "m_pitch": -0.015410391613841057,
            "m_roll": -0.015429013408720493
        },
        {
            "m_worldPositionX": -377.22491455078125,
            "m_worldPositionY": 91.33008575439453,
            "m_worldPositionZ": -81.89967346191406,
            "m_worldVelocityX": 0,
            "m_worldVelocityY": 0,
            "m_worldVelocityZ": 0,
            "m_worldForwardDirX": 1372,
            "m_worldForwardDirY": 65510,
            "m_worldForwardDirZ": 32798,
            "m_worldRightDirX": 32734,
            "m_worldRightDirY": 525,
            "m_worldRightDirZ": 1371,
            "m_gForceLateral": 0,
            "m_gForceLongitudinal": 0,
            "m_gForceVertical": 0,
            "m_yaw": 3.099686622619629,
            "m_pitch": -0.01597895473241806,
            "m_roll": -0.016026794910430908
        },
        {
            "m_worldPositionX": -25.700071334838867,
            "m_worldPositionY": 94.40631866455078,
            "m_worldPositionZ": -87.02208709716797,
            "m_worldVelocityX": -39.43405532836914,
            "m_worldVelocityY": -3.0313141345977783,
            "m_worldVelocityZ": 61.506282806396484,
            "m_worldForwardDirX": 47892,
            "m_worldForwardDirY": 64232,
            "m_worldForwardDirZ": 27579,
            "m_worldRightDirX": 37961,
            "m_worldRightDirY": 64731,
            "m_worldRightDirZ": 47856,
            "m_gForceLateral": 0,
            "m_gForceLongitudinal": 0,
            "m_gForceVertical": 0,
            "m_yaw": -0.5692085027694702,
            "m_pitch": -0.04218171164393425,
            "m_roll": 0.024583913385868073
        },
        {
            "m_worldPositionX": -377.91778564453125,
            "m_worldPositionY": 91.32221984863281,
            "m_worldPositionZ": -65.91631317138672,
            "m_worldVelocityX": 0,
            "m_worldVelocityY": 0,
            "m_worldVelocityZ": 0,
            "m_worldForwardDirX": 1371,
            "m_worldForwardDirY": 20,
            "m_worldForwardDirZ": 32798,
            "m_worldRightDirX": 32734,
            "m_worldRightDirY": 498,
            "m_worldRightDirZ": 1371,
            "m_gForceLateral": 0,
            "m_gForceLongitudinal": 0,
            "m_gForceVertical": 0,
            "m_yaw": 3.0997095108032227,
            "m_pitch": -0.015228504315018654,
            "m_roll": -0.015215846709907055
        },
        {
            "m_worldPositionX": -383.42718505859375,
            "m_worldPositionY": 91.24678039550781,
            "m_worldPositionZ": -58.12443923950195,
            "m_worldVelocityX": 0,
            "m_worldVelocityY": 0,
            "m_worldVelocityZ": 0,
            "m_worldForwardDirX": 1371,
            "m_worldForwardDirY": 16,
            "m_worldForwardDirZ": 32798,
            "m_worldRightDirX": 32734,
            "m_worldRightDirY": 480,
            "m_worldRightDirZ": 1371,
            "m_gForceLateral": 0,
            "m_gForceLongitudinal": 0,
            "m_gForceVertical": 0,
            "m_yaw": 3.099707841873169,
            "m_pitch": -0.014686182141304016,
            "m_roll": -0.014678295701742172
        },
        {
            "m_worldPositionX": -378.60650634765625,
            "m_worldPositionY": 91.32954406738281,
            "m_worldPositionZ": -49.93539047241211,
            "m_worldVelocityX": 0,
            "m_worldVelocityY": 0,
            "m_worldVelocityZ": 0,
            "m_worldForwardDirX": 1372,
            "m_worldForwardDirY": 2,
            "m_worldForwardDirZ": 32798,
            "m_worldRightDirX": 32734,
            "m_worldRightDirY": 498,
            "m_worldRightDirZ": 1371,
            "m_gForceLateral": 0,
            "m_gForceLongitudinal": 0,
            "m_gForceVertical": 0,
            "m_yaw": 3.099701404571533,
            "m_pitch": -0.015210408717393875,
            "m_roll": -0.015220480039715767
        },
        {
            "m_worldPositionX": -384.11981201171875,
            "m_worldPositionY": 91.25263977050781,
            "m_worldPositionZ": -42.13582992553711,
            "m_worldVelocityX": 0,
            "m_worldVelocityY": 0,
            "m_worldVelocityZ": 0,
            "m_worldForwardDirX": 1373,
            "m_worldForwardDirY": 65475,
            "m_worldForwardDirZ": 32798,
            "m_worldRightDirX": 32734,
            "m_worldRightDirY": 494,
            "m_worldRightDirZ": 1371,
            "m_gForceLateral": 0,
            "m_gForceLongitudinal": 0,
            "m_gForceVertical": 0,
            "m_yaw": 3.0996720790863037,
            "m_pitch": -0.014984779991209507,
            "m_roll": -0.015076825395226479
        },
        {
            "m_worldPositionX": -379.3013000488281,
            "m_worldPositionY": 91.3354263305664,
            "m_worldPositionZ": -33.948360443115234,
            "m_worldVelocityX": 0,
            "m_worldVelocityY": 0,
            "m_worldVelocityZ": 0,
            "m_worldForwardDirX": 1372,
            "m_worldForwardDirY": 65534,
            "m_worldForwardDirZ": 32798,
            "m_worldRightDirX": 32734,
            "m_worldRightDirY": 469,
            "m_worldRightDirZ": 1371,
            "m_gForceLateral": 0,
            "m_gForceLongitudinal": 0,